year,week_no,geo_zone,indexed_volume_current,yoy_vol_Growth,yoy_txn_Growth,ats_current,ATS_prior,ATS_YOY_Growth
2024,44,CANADA,1.780849092,0.10991335,0.063342289,75.97626467,73.68158615,0.031143175
2024,45,CANADA,1.728832157,0.004614775,0.003962824,73.63288357,74.59612725,-0.012912784
2024,46,CANADA,1.881921724,0.010759251,-4.57E-05,74.56237018,75.05046,-0.006503489
2024,47,CANADA,1.330306901,0.109281206,0.139654614,66.19993603,69.17522441,-0.043010896
2018,49,CANADA,1.01694701,0.072354754,0.111029605,69.95882125,73.11581948,-0.043178046
2018,50,CANADA,1.042559164,0.055288353,0.08003705,69.3189265,71.97711194,-0.036930982
2024,37,CANADA,1.498968579,-0.045362899,-0.007312233,68.67916843,72.44101123,-0.051929739
2024,38,CANADA,1.576510661,-6.15E-05,0.029412948,69.30556942,72.51867236,-0.04430725
2024,43,CANADA,1.820207491,0.037633406,0.045178536,76.78286871,78.7016375,-0.024380291
2024,34,CANADA,1.625443515,-0.010966036,0.020722143,70.83100292,74.28410523,-0.046485076
2018,51,CANADA,0.959522974,-0.067479791,0.000287647,65.24180355,70.99948658,-0.081094714
2018,52,CANADA,1.064016111,0.112559489,0.044673358,70.82592814,67.57761467,0.048067892
2019,1,CANADA,0.951130595,0.039409552,0.043621512,65.20439618,66.73206411,-0.022892562
2019,2,CANADA,0.985177252,0.004142145,-0.002650682,66.11393096,66.95574754,-0.012572731
2019,3,CANADA,0.951576462,0.028358062,0.038871404,63.94128333,65.69963972,-0.026763562
2019,4,CANADA,1.086615221,0.004121289,0.0161984,70.49388922,72.38276553,-0.026095664
2019,5,CANADA,1.048053578,0.047770279,0.045464851,66.99130213,67.98072433,-0.014554452
2019,6,CANADA,1.060291704,0.023499873,0.030475256,67.17083313,68.82348633,-0.024012925
2019,7,CANADA,1.072387175,0.037881678,0.049099919,65.65218068,67.58143786,-0.028547146
2019,8,CANADA,1.142780041,0.059591576,0.049706609,68.9738024,69.34969891,-0.005420305
2019,9,CANADA,1.15442366,0.095958235,0.111603162,69.64589244,71.72698607,-0.029014096
2019,10,CANADA,1.123102389,0.046024929,0.070582149,67.72189563,70.62889902,-0.041158838
2019,11,CANADA,1.131945073,0.024399243,0.061257453,67.52726495,71.15894787,-0.051036209
2019,12,CANADA,1.13627485,-0.032745738,-0.027404031,69.61670482,71.01896536,-0.019744874
2019,13,CANADA,1.309261556,0.03152935,0.019716166,75.03414749,75.1701891,-0.001809781
2019,14,CANADA,1.232088975,0.022060812,0.022699811,69.08501715,69.93059152,-0.012091623
2019,15,CANADA,1.257336386,0.00221072,0.001766167,70.72861949,71.41119016,-0.009558315
2019,16,CANADA,1.136915733,0.012567014,0.009516249,66.0239684,66.4799674,-0.006859194
2019,17,CANADA,1.310665334,0.012821357,0.028903234,71.06613163,72.91280702,-0.025327174
2019,18,CANADA,1.249398252,0.043123272,0.048859125,68.71883519,69.77150026,-0.015087322
2019,19,CANADA,1.2675711,0.020163798,0.047624333,68.59054714,71.21289702,-0.036824086
2019,20,CANADA,1.241372348,0.028355,0.039536879,67.28325359,68.64697207,-0.019865676
2019,21,CANADA,1.317042105,0.017142697,0.044265354,69.96539865,72.50285457,-0.034998014
2019,22,CANADA,1.185733755,0.03864301,0.047179361,65.9944524,67.07684124,-0.016136551
2019,23,CANADA,1.22729342,0.011263332,0.032978407,66.50222637,68.5829812,-0.03033923
2019,24,CANADA,1.23733027,0.025261525,0.036685521,67.17216873,68.61260648,-0.020993777
2019,25,CANADA,1.190852926,0.015637489,0.050793757,64.87763266,67.89342074,-0.044419445
2019,26,CANADA,1.295451817,0.021205661,0.041946093,69.56494036,71.76859317,-0.030704974
2019,27,CANADA,1.132040449,0.019798594,0.041905425,64.34285157,66.46557808,-0.031937231
2019,28,CANADA,1.227311307,0.006909536,0.037180629,67.59542509,70.33406347,-0.038937582
2019,29,CANADA,1.209021524,0.022979249,0.045781672,65.70723406,67.98033861,-0.033437676
2019,30,CANADA,1.30239388,0.006193465,0.037049293,69.47617924,72.39662739,-0.040339561
2019,31,CANADA,1.185026856,0.033169985,0.039031492,67.37825662,68.58469795,-0.017590532
2019,32,CANADA,1.205380613,-0.001925224,0.031182026,68.57068524,71.61502656,-0.042509812
2019,33,CANADA,1.193585271,0.023779968,0.046588081,66.96240067,69.4562121,-0.0359048
2019,34,CANADA,1.191775031,-0.019844579,0.028327153,67.55562031,71.86483643,-0.05996279
2019,35,CANADA,1.268518287,0.033080037,0.031454331,71.18607929,72.08611083,-0.012485506
2019,36,CANADA,1.172883163,0.10966154,0.110879419,66.61744874,67.77011374,-0.017008456
2019,37,CANADA,1.10184243,-0.067238072,-0.035454111,66.28348602,69.73394895,-0.049480389
2019,38,CANADA,1.156745521,0.020126028,0.030018214,66.04952016,67.78554136,-0.025610494
2019,39,CANADA,1.253918348,0.012347155,0.042804085,71.64820916,74.75769744,-0.041594222
2019,40,CANADA,1.190177756,0.053600874,0.046210617,68.99869784,69.53905644,-0.007770577
2019,41,CANADA,1.18902381,0.021175801,0.029510893,69.79772684,71.50261177,-0.023843674
2019,42,CANADA,1.192509466,-0.08933012,-0.032158226,67.2120292,72.62176045,-0.074491877
2019,43,CANADA,1.420872838,0.098428361,0.082239714,73.46082222,73.64324224,-0.002477077
2019,44,CANADA,1.31508379,0.060923844,0.038972723,70.74061275,70.31747279,0.006017565
2019,45,CANADA,1.298481266,-0.005933549,0.009112247,68.55231911,70.72054981,-0.030659132
2019,46,CANADA,1.456928606,0.002643027,0.007769085,70.18980944,71.57640688,-0.019372269
2019,47,CANADA,1.025838213,0.083195595,0.116887876,63.57161798,66.23060954,-0.040147472
2019,48,CANADA,1.011957831,0.043226969,0.051746045,68.74113511,70.20778146,-0.020890083
2019,49,CANADA,1.044428686,0.037676881,0.029481101,69.48862072,69.95882125,-0.006721104
2019,50,CANADA,1.029996556,-0.010481779,-0.01799122,68.83727596,69.3189265,-0.006948327
2019,51,CANADA,1.019396534,0.061674089,0.059809375,64.44928232,65.24180355,-0.012147445
2019,52,CANADA,1.102487107,0.034716189,0.054604666,68.45316276,70.82592814,-0.033501366
2020,1,CANADA,1,0.050283493,0.041517536,64.82604208,65.20439618,-0.005802586
2020,2,CANADA,1.04677967,0.060207325,0.085182445,63.76949658,66.11393096,-0.03546052
2020,3,CANADA,0.993738771,0.042565589,0.053194781,62.49030841,63.94128333,-0.022692302
2020,4,CANADA,1.094874895,0.004471301,0.041195407,67.20338769,70.49388922,-0.046677826
2020,5,CANADA,1.127593257,0.080332378,0.06610595,67.07089181,66.99130213,0.00118806
2020,6,CANADA,1.079599323,0.021045409,0.022713323,66.29785727,67.17083313,-0.012996353
2020,7,CANADA,0.871001223,-0.168079901,-0.249755182,72.1483345,65.65218068,0.098948028
2020,8,CANADA,0.664964448,-0.319651007,-0.364338063,76.33787645,68.9738024,0.106766247
2020,9,CANADA,0.717522704,-0.250818805,-0.336624592,82.37289159,69.64589244,0.18273869
2020,10,CANADA,0.666867198,-0.283705251,-0.326788122,75.00267461,67.72189563,0.10750997
2020,11,CANADA,0.768139341,-0.187441715,-0.304376518,82.09938269,67.52726495,0.21579606
2020,12,CANADA,0.816376519,-0.153762234,-0.228910947,79.68412832,69.61670482,0.144612181
2020,13,CANADA,0.933278494,-0.176174368,-0.227768564,84.38665166,75.03414749,0.124643305
2020,14,CANADA,0.917958475,-0.134805447,-0.214690282,78.89438585,69.08501715,0.141989814
2020,15,CANADA,1.003820734,-0.096396276,-0.176920123,80.44062611,70.72861949,0.137313674
2020,16,CANADA,0.988441,-0.015687864,-0.10792271,74.58453475,66.0239684,0.129658464
2020,17,CANADA,1.150114323,-0.03150944,-0.10674475,79.17488668,71.06613163,0.11410154
2024,39,CANADA,1.688579412,0.027553337,0.051038416,73.75261699,77.05379009,-0.042842449
2020,18,CANADA,1.144023644,-0.001908073,-0.096744644,77.45222677,68.71883519,0.12708876
2020,19,CANADA,1.161956562,-0.014913582,-0.09113886,75.79800081,68.59054714,0.105079402
2020,20,CANADA,1.205919333,0.031751023,-0.05080339,73.96391549,67.28325359,0.0992916
2020,21,CANADA,1.17847849,-0.065698986,-0.08804115,72.38242967,69.96539865,0.034546091
2020,22,CANADA,1.207801759,0.048584984,-0.040371245,72.79918067,65.9944524,0.10311061
2020,23,CANADA,1.221922378,0.028076828,-0.041184135,71.99217228,66.50222637,0.082552814
2020,24,CANADA,1.232215995,0.020018851,-0.035130111,71.591017,67.17216873,0.065783915
2020,25,CANADA,1.172032063,0.007638451,-0.040615536,68.71690126,64.87763266,0.059177076
2020,26,CANADA,1.256363216,-0.013250196,-0.031297718,71.65544136,69.56494036,0.030051071
2020,27,CANADA,1.157876331,0.041838407,-0.024998722,69.40796257,64.34285157,0.078720648
2020,28,CANADA,1.22801452,0.021357956,-0.020717818,70.87987555,67.59542509,0.048589834
2020,29,CANADA,1.207606278,0.020393964,-0.031514347,69.70271904,65.70723406,0.060807383
2020,30,CANADA,1.243539693,-0.027983928,-0.049612438,71.68149357,69.47617924,0.031742021
2020,31,CANADA,1.303779761,0.115412798,0.028925254,73.53037469,67.37825662,0.091307172
2020,32,CANADA,1.13790372,-0.042975217,-0.036791152,68.38593136,68.57068524,-0.002694357
2020,33,CANADA,1.240190594,0.057719153,-0.031798411,73.55025009,66.96240067,0.098381321
2020,34,CANADA,1.183749091,0.007905431,-0.045278068,71.63176428,67.55562031,0.0603376
2020,35,CANADA,1.281076467,0.017563788,-0.056444051,77.33757106,71.18607929,0.086414252
2020,36,CANADA,1.171226305,0.007878305,-0.058058925,72.01633458,66.61744874,0.081043119
2020,37,CANADA,1.096885783,0.010492103,-0.076476433,72.79572642,66.28348602,0.098248309
2020,38,CANADA,1.157211626,0.016212039,-0.080142286,73.32714419,66.04952016,0.110184359
2020,39,CANADA,1.252233586,0.008973758,-0.045120505,76.09988273,71.64820916,0.062132377
2020,40,CANADA,1.198010466,0.022925473,-0.061480226,75.62283943,68.99869784,0.096003864
2020,41,CANADA,1.177554653,0.002306759,-0.056880075,74.49657706,69.79772684,0.067320964
2020,42,CANADA,1.254127782,0.066345795,-0.068001847,77.45699962,67.2120292,0.152427632
2020,43,CANADA,1.329244711,-0.05337623,-0.121899699,80.01973176,73.46082222,0.089284456
2020,44,CANADA,1.330084974,0.02509823,-0.083490296,79.92561534,70.74061275,0.129840586
2020,45,CANADA,1.266434267,-0.009855505,-0.102077613,76.25673433,68.55231911,0.112387375
2020,46,CANADA,1.319777834,-0.079829391,-0.164843049,77.94244294,70.18980944,0.110452408
2020,47,CANADA,1.036176348,0.021070063,-0.094428244,72.35747888,63.57161798,0.138204142
2020,48,CANADA,0.819394617,-0.14899509,-0.201057393,72.98288665,68.74113511,0.061706161
2020,49,CANADA,0.950455734,-0.034917426,-0.134600508,78.89235941,69.48862072,0.13532775
2020,50,CANADA,0.975144061,-0.02133274,-0.140771655,79.71860559,68.83727596,0.158073217
2020,51,CANADA,0.928807748,-0.059502609,-0.174818252,74.44990555,64.44928232,0.155170436
2020,52,CANADA,0.985608858,-0.08246886,-0.186225091,78.36901496,68.45316276,0.144856012
2021,1,CANADA,0.994600902,0.018339003,-0.136288394,77.78993711,64.82604208,0.19997974
2021,2,CANADA,1.007097019,-0.015259527,-0.151000059,74.92313159,63.76949658,0.174905489
2021,3,CANADA,0.994884793,0.015982126,-0.127651239,73.13691059,62.49030841,0.170372054
2021,4,CANADA,1.120151945,0.026442273,-0.093121337,76.83255456,67.20338769,0.14328395
2021,5,CANADA,1.155673798,0.023955294,-0.107179463,77.56857875,67.07089181,0.156516287
2021,6,CANADA,1.127669177,0.033837958,-0.073323955,74.67529968,66.29785727,0.126360681
2021,7,CANADA,1.192326313,0.314777138,0.242487449,76.06186959,72.1483345,0.054242903
2021,8,CANADA,1.188303687,0.55971917,0.544498977,75.34477163,76.33787645,-0.013009333
2021,9,CANADA,1.239973049,0.491343871,0.516010619,78.17982208,82.37289159,-0.050903512
2021,10,CANADA,1.146511892,0.489197612,0.402188846,78.18893813,75.00267461,0.042481999
2021,11,CANADA,1.206274088,0.384100633,0.351413334,81.84721723,82.09938269,-0.003071466
2021,12,CANADA,1.159940326,0.264802672,0.233401129,79.68251238,79.68412832,-2.03E-05
2021,13,CANADA,1.306994968,0.268749658,0.201347554,86.21529366,84.38665166,0.021669802
2021,14,CANADA,1.273757299,0.258160278,0.183429001,81.61207456,78.89438585,0.034447175
2021,15,CANADA,1.242431093,0.136216734,0.140943041,78.08463036,80.44062611,-0.02928863
2021,16,CANADA,1.267681105,0.180592136,0.126438188,76.60389967,74.58453475,0.027074848
2021,17,CANADA,1.204297629,-0.029431418,0.005797241,74.87771996,79.17488668,-0.054274365
2021,18,CANADA,1.346584232,0.106263264,0.09117214,77.56289179,77.45222677,0.001428817
2021,19,CANADA,1.300220251,0.058136691,0.064218995,74.20279185,75.79800081,-0.021045528
2021,20,CANADA,1.420175074,0.126075952,0.082328987,75.551434,73.96391549,0.021463419
2021,21,CANADA,1.343328294,0.092343243,0.075861583,72.30424796,72.38242967,-0.00108012
2021,22,CANADA,1.367356714,0.088492936,0.070856473,72.85350816,72.79918067,0.000746265
2021,23,CANADA,1.38191128,0.086742729,0.055579789,72.99418927,71.99217228,0.013918416
2021,24,CANADA,1.414563153,0.106896841,0.056264598,73.82499825,71.591017,0.03120477
2021,25,CANADA,1.345494462,0.104421636,0.063467362,70.25062658,68.71690126,0.022319477
2021,26,CANADA,1.423932672,0.099929056,0.051783141,73.3473222,71.65544136,0.023611338
2021,27,CANADA,1.326558092,0.109916337,0.079372534,70.12267125,69.40796257,0.010297214
2021,28,CANADA,1.375694394,0.08361669,0.052150061,71.66943542,70.87987555,0.011139408
2021,29,CANADA,1.384841222,0.11217612,0.067093447,71.2203914,69.70271904,0.021773503
2021,30,CANADA,1.380336069,0.077443391,0.065202168,70.98068995,71.68149357,-0.009776632
2021,31,CANADA,1.475690297,0.104903588,0.063789524,75.04745081,73.53037469,0.020631965
2021,32,CANADA,1.277958558,0.096128119,0.051666003,70.13952342,68.38593136,0.025642585
2021,33,CANADA,1.3763609,0.081908819,0.052295892,74.37701687,73.55025009,0.011240843
2021,34,CANADA,1.311135967,0.07514228,0.0607031,71.68885125,71.63176428,0.00079695
2021,35,CANADA,1.436165752,0.087568944,0.078235349,77.25714206,77.33757106,-0.001039973
2021,36,CANADA,1.371915583,0.135621979,0.091105414,74.41462528,72.01633458,0.033302038
2021,37,CANADA,1.285598146,0.133666265,0.097765138,74.50652995,72.79572642,0.023501428
2021,38,CANADA,1.358212896,0.134397112,0.103534351,74.66644058,73.32714419,0.018264674
2021,39,CANADA,1.443867678,0.115695758,0.08237948,77.89380355,76.09988273,0.02357324
2021,40,CANADA,1.407547021,0.140291251,0.091947747,78.29375273,75.62283943,0.035318871
2021,41,CANADA,1.356346394,0.123219585,0.096286964,75.48841365,74.49657706,0.013313854
2021,42,CANADA,1.438955712,0.121324918,0.088268228,78.71705818,77.45699962,0.016267846
2021,43,CANADA,1.507147458,0.113658695,0.114679507,78.74488527,80.01973176,-0.015931652
2021,44,CANADA,1.566844612,0.150348719,0.117413736,81.06964612,79.92561534,0.014313694
2021,45,CANADA,1.442916121,0.112904118,0.090832193,77.12328122,76.25673433,0.011363546
2024,41,CANADA,1.57840507,-0.002155326,0.006765202,72.11004861,73.63948033,-0.020769181
2021,46,CANADA,1.552767042,0.151815296,0.133412846,78.42884429,77.94244294,0.00624052
2021,47,CANADA,1.363698601,0.288153836,0.217917041,76.09307053,72.35747888,0.051626891
2021,48,CANADA,1.025111707,0.190814116,0.130375053,76.13139061,72.98288665,0.043140304
2021,49,CANADA,1.081954813,0.107081862,0.061080942,81.01004424,78.89235941,0.026842711
2021,50,CANADA,1.148429843,0.152460429,0.113781685,81.62684002,79.71860559,0.023937127
2021,51,CANADA,1.119128821,0.175496465,0.096903722,79.02502416,74.44990555,0.061452309
2021,52,CANADA,1.166589564,0.152327939,0.146462469,78.04231873,78.36901496,-0.004168691
2022,1,CANADA,1.217075953,0.190508913,0.13708508,80.3153781,77.78993711,0.03246488
2022,2,CANADA,1.198431925,0.145708335,0.136213005,74.7151887,74.92313159,-0.002775416
2022,3,CANADA,1.202811168,0.172011985,0.112345425,76.35399799,73.13691059,0.043987193
2022,4,CANADA,1.196606768,0.039554536,0.046057986,75.38007322,76.83255456,-0.018904504
2022,5,CANADA,1.369384727,0.157889459,0.098997989,80.79275335,77.56857875,0.041565472
2022,6,CANADA,1.293834068,0.118895311,0.056835742,78.28188058,74.67529968,0.048296839
2022,7,CANADA,1.339383482,0.103979154,0.069916011,77.24141473,76.06186959,0.015507706
2022,8,CANADA,1.330315336,0.097935309,0.062216485,76.92859426,75.34477163,0.021021002
2022,9,CANADA,1.459151491,0.149864673,0.086925772,81.91039448,78.17982208,0.047717842
2022,10,CANADA,1.399444306,0.187957714,0.168113788,78.56456896,78.18893813,0.004804143
2022,11,CANADA,1.38683954,0.109651779,0.155916276,77.46851391,81.84721723,-0.0534985
2022,12,CANADA,1.381356309,0.148989256,0.124218694,80.1295019,79.68251238,0.005609631
2022,13,CANADA,1.599946046,0.180397625,0.187411704,84.37946235,86.21529366,-0.021293569
2022,14,CANADA,1.629576802,0.231768966,0.206445105,82.27178804,81.61207456,0.008083528
2022,15,CANADA,1.581514564,0.217845059,0.190653941,79.12390972,78.08463036,0.013309653
2022,16,CANADA,1.589979195,0.205008754,0.139800783,80.09341936,76.60389967,0.045552768
2022,17,CANADA,1.483019292,0.189963512,0.163010992,75.4643651,74.87771996,0.007834709
2022,18,CANADA,1.679409316,0.209127774,0.138060182,81.33496311,77.56289179,0.048632422
2022,19,CANADA,1.576707475,0.174068993,0.103303374,78.36108117,74.20279185,0.056039526
2022,20,CANADA,1.640768406,0.12672068,0.055272638,79.71582962,75.551434,0.055120008
2022,21,CANADA,1.555938797,0.130858435,0.071245605,75.61110786,72.30424796,0.045735347
2022,22,CANADA,1.597157545,0.14228832,0.064957031,77.71152495,72.85350816,0.066681988
2022,23,CANADA,1.530297532,0.092567629,0.004377923,78.78643717,72.99418927,0.079352178
2022,24,CANADA,1.621533021,0.133814732,0.062619528,78.1242757,73.82499825,0.058236066
2022,25,CANADA,1.537639844,0.126726736,0.052217971,74.8844556,70.25062658,0.065961391
2022,26,CANADA,1.607242274,0.115571189,0.054885652,77.00623039,73.3473222,0.049884687
2022,27,CANADA,1.493124893,0.112925003,0.045589338,73.77376468,70.12267125,0.052067232
2022,28,CANADA,1.506668498,0.087504389,0.034953461,74.78263203,71.66943542,0.043438274
2022,29,CANADA,1.550518724,0.108918415,0.04717634,74.84131397,71.2203914,0.050841093
2022,30,CANADA,1.530949862,0.095784618,0.038958965,74.3244134,70.98068995,0.047107508
2022,31,CANADA,1.659658958,0.109924931,0.057288517,78.26679188,75.04745081,0.042897407
2022,32,CANADA,1.429719258,0.099804924,0.056379772,72.73641468,70.13952342,0.037024649
2022,33,CANADA,1.538101007,0.100522363,0.051896945,77.45766841,74.37701011,0.041419496
2022,34,CANADA,1.477902134,0.111798231,0.054711627,75.19203166,71.6888556,0.048866397
2022,35,CANADA,1.574330127,0.082165513,0.052726538,78.74560456,77.25716307,0.019266064
2022,36,CANADA,1.55456055,0.117679789,0.073928932,76.98253994,74.41465076,0.034507844
2022,37,CANADA,1.432913104,0.098679429,0.074027635,75.76621405,74.50654118,0.016906876
2022,38,CANADA,1.5236256,0.108767552,0.069717418,76.92288757,74.66644052,0.030220365
2022,39,CANADA,1.526472361,0.041924185,0.051070419,76.83096203,77.89379247,-0.01364461
2022,40,CANADA,1.553971639,0.084454186,0.043087088,80.89644083,78.29355423,0.033245222
2022,41,CANADA,1.464038371,0.065025747,0.034674676,77.36878625,75.48842416,0.024909277
2022,42,CANADA,1.582887373,0.086181614,0.05008123,80.90125706,78.71698262,0.027748452
2022,43,CANADA,1.626975677,0.066916337,0.041874434,79.97841139,78.74486616,0.015665088
2022,44,CANADA,1.681354002,0.05949902,0.014682829,83.84990547,81.06938054,0.03429809
2022,45,CANADA,1.581865077,0.083852411,0.059180309,78.16877456,77.12328293,0.013556109
2022,46,CANADA,1.66080097,0.059702344,0.033076022,79.70565117,78.42870678,0.016281594
2022,47,CANADA,1.665645732,0.205111435,0.164252009,78.202373,76.09306149,0.027720156
2022,48,CANADA,1.205508958,0.150890836,0.153457078,75.00204903,76.13133785,-0.014833429
2022,49,CANADA,1.220815814,0.099931903,0.139459061,77.25478202,81.01006778,-0.046355791
2022,50,CANADA,1.314553546,0.119720281,0.169150411,77.02467068,81.62688819,-0.056381146
2022,51,CANADA,1.338594597,0.164873452,0.205985137,75.45770608,79.02464636,-0.045137061
2022,52,CANADA,1.279180567,0.070165979,0.115344842,73.82439318,78.04079994,-0.054028236
2023,1,CANADA,1.388654408,0.115992147,0.11257097,79.47244287,80.31539509,-0.010495525
2023,2,CANADA,1.30792918,0.075860956,0.087016601,72.95228571,74.71522269,-0.023595419
2023,3,CANADA,1.335971638,0.095474754,0.12965709,73.18874153,76.35373082,-0.041451665
2023,4,CANADA,1.261941866,0.042372699,0.060017167,73.24798751,75.37293267,-0.028192417
2023,5,CANADA,1.434235836,0.034907151,0.044310701,78.92248664,80.79275788,-0.023148996
2023,6,CANADA,1.374917201,0.053988842,0.087070079,74.70643209,78.28189462,-0.045674195
2023,7,CANADA,1.409792391,0.045302408,0.061852466,75.09365002,77.24136583,-0.027805254
2023,8,CANADA,1.380491312,0.028803541,0.053670475,74.0476343,76.92862651,-0.037450197
2023,9,CANADA,1.524555726,0.036248994,0.05790713,78.98887244,81.9104001,-0.035667359
2023,10,CANADA,1.436316887,0.022201649,0.06097787,74.48790927,78.56457903,-0.051889411
2023,11,CANADA,1.476088196,0.059326221,0.053485021,76.69261746,77.46848554,-0.010015274
2023,12,CANADA,1.527005149,0.100079101,0.116469102,77.7330483,80.12966064,-0.029909179
2023,13,CANADA,1.653945316,0.026801709,0.05777677,80.80073606,84.37945137,-0.042412166
2023,14,CANADA,1.683839243,0.027550966,0.026451323,81.05616795,82.27194286,-0.014777516
2023,15,CANADA,1.646544844,0.035555986,0.06421643,76.04740405,79.12392938,-0.038882363
2023,16,CANADA,1.657584229,0.035770321,0.067759796,76.71918286,80.09351531,-0.042129908
2023,17,CANADA,1.514939465,0.015888372,0.047517716,72.14715689,75.46432713,-0.043956799
2023,18,CANADA,1.745449618,0.03083734,0.066157575,77.50808787,81.33492179,-0.047050318
2023,19,CANADA,1.613132145,0.015204574,0.055542401,74.42608064,78.36106461,-0.050216061
2023,20,CANADA,1.640241993,-0.008006709,0.029092259,75.65085459,79.71570788,-0.050991873
2023,21,CANADA,1.565094528,0.002090385,0.0268047,72.28771996,75.61108823,-0.043953451
2023,22,CANADA,1.64635347,0.022619506,0.02695066,75.45971956,77.71155018,-0.028976782
2023,23,CANADA,1.64985151,0.063371396,0.14120527,71.66258134,78.78627257,-0.090417924
2023,24,CANADA,1.644284106,-0.00548201,0.049966526,72.06947403,78.12441441,-0.077503818
2023,25,CANADA,1.629252912,0.038164643,0.064369684,71.24556341,74.88359944,-0.048582547
2023,26,CANADA,1.601887296,-0.016360383,0.037246762,71.33809667,76.86660809,-0.071923447
2023,27,CANADA,1.682541205,0.097424419,0.08523565,73.10422129,73.77376412,-0.009075622
2023,28,CANADA,1.545941488,0.00543927,0.029268411,70.90808607,74.78263193,-0.051810772
2023,29,CANADA,1.643569335,0.039424229,0.041714315,72.68415882,74.8413023,-0.028822901
2023,30,CANADA,1.594852501,0.018743021,0.036411122,71.23065541,74.32439378,-0.041624805
2023,31,CANADA,1.75271965,0.030796023,0.04603122,75.08196644,78.27220384,-0.040758242
2023,32,CANADA,1.524566417,0.041251749,0.046968571,70.15628254,72.73802459,-0.035493706
2023,33,CANADA,1.623483353,0.027886422,0.051127932,73.44962989,77.45851062,-0.0517552
2023,34,CANADA,1.56747319,0.029939439,0.044024813,71.74575529,75.19199927,-0.045832589
2023,35,CANADA,1.651425819,0.021799359,0.047428608,74.28661752,78.7484835,-0.056659707
2023,36,CANADA,1.634170373,0.025840366,0.049904513,72.70894722,76.97555874,-0.055428133
2023,37,CANADA,1.465573175,0.001645755,0.035655073,70.80602655,75.76620668,-0.065466919
2023,38,CANADA,1.572905573,0.010057313,0.034340378,72.44102206,76.92286386,-0.058264105
2023,39,CANADA,1.586417624,0.015317251,0.040232169,72.5217656,76.83179699,-0.056096975
2023,40,CANADA,1.673401295,0.041422666,0.05929318,77.04879307,80.8709013,-0.047261848
2023,41,CANADA,1.543010557,0.023599721,0.03607385,73.75126375,77.36880327,-0.046757083
2023,42,CANADA,1.587570744,-0.024744946,0.036344674,73.6328111,80.90127564,-0.089843633
2023,43,CANADA,1.68082659,0.011470023,0.040708821,75.24424911,79.98648735,-0.059287992
2023,44,CANADA,1.770535571,0.032790185,0.063266124,78.70220951,83.85686655,-0.061469707
2023,45,CANADA,1.615340699,-0.006039174,0.02368816,73.68158533,78.16877008,-0.057403804
2023,46,CANADA,1.729255009,0.011512304,0.052448695,74.59612335,79.70565705,-0.064105032
2023,47,CANADA,1.880941759,0.086649985,0.112248503,75.05067085,78.20235019,-0.040301594
2023,48,CANADA,1.222352771,0.027201757,0.085415738,69.31621028,75.5103853,-0.08203077
2023,49,CANADA,1.261547635,0.001235212,0.030757768,72.55148192,77.25486533,-0.060881388
2023,50,CANADA,1.320895644,-0.020556814,-0.007239839,73.30738011,77.02476476,-0.048262201
2023,51,CANADA,1.38183856,0.003193046,0.008344593,72.14321297,75.45773005,-0.043925481
2023,52,CANADA,1.342383604,0.017978265,0.048526556,69.23690221,73.81811265,-0.062060791
2023,53,CANADA,1.469794561,0.025409606,0.081102963,72.95325557,79.47244287,-0.08203079
2024,1,CANADA,1.346484132,-0.006016171,0.033654455,67.98007143,72.95227629,-0.068156953
2024,2,CANADA,1.374403017,-0.001737003,0.034166025,68.20626345,73.18873933,-0.068077083
2024,3,CANADA,1.324205422,0.013967443,0.072115612,67.30663833,73.24115282,-0.081027049
2024,4,CANADA,1.492906534,0.0114529,0.044995734,73.76989877,78.921128,-0.065270598
2024,5,CANADA,1.435177956,0.014951473,0.043475707,70.62127788,74.71325788,-0.054769128
2024,6,CANADA,1.459635141,0.010608503,0.033603254,71.29217041,75.09337425,-0.050619697
2024,7,CANADA,1.443440751,0.016086017,0.026065693,71.0483899,74.04234548,-0.04043572
2024,8,CANADA,1.54403149,-0.002885478,0.056321133,72.25333131,78.99336685,-0.08532407
2024,9,CANADA,1.502258556,0.023024349,-0.01238512,74.90704136,74.52520722,0.005123557
2024,10,CANADA,1.557449382,0.030463212,0.060637396,72.4480234,76.7357085,-0.055876009
2024,11,CANADA,1.622144628,0.034560999,0.063124959,73.44860052,77.78987999,-0.055807767
2024,12,CANADA,1.628717012,-0.026565818,0.028532552,74.11916022,80.51891733,-0.07948141
2024,13,CANADA,1.788015457,0.037895019,0.033562936,79.01039458,81.05981672,-0.025282837
2024,14,CANADA,1.698063576,0.005154623,0.015001612,73.30139432,76.05335254,-0.036184575
2024,15,CANADA,1.719859087,0.014309879,0.030579509,73.36613111,76.71912628,-0.043704814
2024,16,CANADA,1.572506712,0.015608795,0.036481276,68.80385351,72.13969471,-0.04624141
2024,17,CANADA,1.758480751,-0.014419595,-0.002930289,74.3499133,77.50796837,-0.040744908
2024,18,CANADA,1.701350796,0.03669173,0.036093765,72.46316847,74.41577907,-0.026239201
2024,19,CANADA,1.685379786,0.007842338,0.04014271,71.47766478,75.63079678,-0.054913239
2024,20,CANADA,1.679871645,0.054758682,0.054711414,70.51868089,72.28764269,-0.024471151
2024,21,CANADA,1.746616586,0.039157982,0.045320389,73.91603362,75.45728025,-0.02042542
2024,22,CANADA,1.625024934,-0.017251658,-0.001999338,69.48073231,71.66258134,-0.030446141
2024,23,CANADA,1.677251688,0.017656848,0.040323979,69.57542504,72.06947403,-0.034606177
2024,24,CANADA,1.676447917,0.040474743,0.050954634,69.49632919,71.24556341,-0.024552185
2024,25,CANADA,1.625453115,0.012075165,0.037071601,68.72632413,71.33920127,-0.036626106
2024,26,CANADA,1.734412745,0.028173487,0.029516372,72.07521335,73.10422129,-0.014075903
2024,27,CANADA,1.540346265,-0.005153634,0.030752922,67.67175523,70.90808675,-0.045641219
2024,28,CANADA,1.652249667,0.005157666,0.026693318,70.22467002,72.68418964,-0.03383844
2024,29,CANADA,1.637407449,0.026375698,0.036853324,69.56002993,71.23062596,-0.023453339
2024,30,CANADA,1.737007029,-0.008629923,0.016047151,72.19262931,75.09343785,-0.038629321
2024,31,CANADA,1.589550507,0.045174663,0.042929744,69.44819036,70.15629136,-0.010093193
2024,32,CANADA,1.601447182,-0.012991919,0.028827657,69.54850727,73.44963996,-0.053113027
2024,35,CANADA,1.659543755,0.01460066,0.008143311,72.04454057,72.70894722,-0.009137894
2024,33,CANADA,1.597615205,0.022601012,0.051044852,68.77794288,71.74630201,-0.041372991
2024,36,CANADA,1.621996689,0.122011613,0.112924006,70.28999581,70.80602655,-0.007287949
2024,40,CANADA,1.581408609,0.028220209,0.047809094,71.43066249,73.75896367,-0.031566349
2024,42,CANADA,1.627852875,-0.025447021,-0.008546272,72.88484539,75.24481113,-0.031363834
