year,week_no,geo_zone,card_present,indexed_volume_current,yoy_vol_Growth,yoy_txn_Growth,ats_current,ATS_prior,ATS_YOY_Growth
2023,44,CANADA,CNP,1.8826507430544699,-0.008017652592628132,0.04870545273030594,243.07260862856657,257.2108240861303,-0.05496742023900735
2023,1,CANADA,CNP,1.6069880867993114,0.11611177848927214,0.06336058774357403,265.0349281215651,262.31085376018257,0.010384909058597333
2020,26,CANADA,CNP,1.249184198962636,-0.00013336264184631293,0.05901492781968741,263.3918606370788,269.98836151271115,-0.02443253790153382
2019,15,CANADA,CNP,1.1482245542868503,0.04885279387904295,0.0845027842309574,260.9835147021866,261.5080203790245,-0.0020056963303753
2024,13,CANADA,CNP,1.9289879564326091,0.09727506277839963,0.11112757264602846,261.7874683126965,270.4617325788166,-0.032072057600948486
2022,15,CANADA,CNP,1.5246249862656331,0.015890808511468103,-0.06631577199862483,273.25470843946755,263.1208081786987,0.03851424876244063
2020,25,CANADA,CNP,1.0508139648504353,0.03454502936205689,0.06546576638275903,250.0919382000552,257.41211473352837,-0.028437575834575488
2020,36,CANADA,CNP,1.117406433512503,0.06206631135743755,0.08493018723771771,249.41314227040803,252.69867834390752,-0.01300179365808978
2021,45,CANADA,CNP,1.3766954250128605,0.06713510780869716,0.026961651051082697,243.9026269768422,231.65043250285365,0.05289087674739237
2021,29,CANADA,CNP,1.3252976713267004,0.16781309146064358,0.1466082767366695,253.28716682004296,249.8256388141174,0.013855775661604898
2019,14,CANADA,CNP,1.069550214450377,0.08244052472251857,0.1684771206330968,254.2699625872947,263.41171102053653,-0.034705170843862335
2022,17,CANADA,CNP,1.3573534331379662,0.0016300317326325732,-0.059713067901377356,248.07849258033994,246.37449946885215,0.006916272240679751
2021,20,CANADA,CNP,1.4175464966337494,0.1935726491664222,0.10126282345814593,273.7939743570119,252.3206892944578,0.08510314838865563
2020,48,CANADA,CNP,1.0358414297751413,0.049811696894547744,0.17690933965196318,209.3155845542609,235.8706934090108,-0.11258333314305437
2020,6,CANADA,CNP,0.9894034037119533,-0.07689596960986074,-0.04921013547913107,241.6765532719941,247.63394981278304,-0.02405726898631176
2020,3,CANADA,CNP,0.9385824438217628,0.09256206677565611,0.14254126025258368,217.80329356571195,229.1970485506904,-0.049711613029164034
2019,41,CANADA,CNP,1.0994812529732738,0.02237184496375617,0.0794709521500297,243.051970726236,260.3948698298171,-0.06660230716110369
2022,34,CANADA,CNP,1.4272804151275384,0.12247230521906557,0.04690641900702115,258.5382418744001,246.00667919098015,0.05093992864190264
2020,7,CANADA,CNP,0.9056675895074124,-0.05980177604930375,-0.07474728577417937,241.78713827310494,240.37097319391432,0.005891581085575411
2019,19,CANADA,CNP,1.1738960314436626,0.035843556594600076,0.08177239792137435,268.87376877322754,271.38681112409284,-0.009260001768163321
2023,41,CANADA,CNP,1.4820996007430014,0.0809481304149423,0.1246692913872976,241.78293387917662,251.38786466674358,-0.038207615153976866
2019,45,CANADA,CNP,1.1510184800051515,0.008884885867646035,0.11117376604862621,239.30340821313288,266.501054183832,-0.10205455304480052
2019,25,CANADA,CNP,1.0175101297460913,0.044988275332261414,0.11644739571481912,257.4121147335285,270.6757373762322,-0.04900188975662642
2020,12,CANADA,CNP,1.1115344623229577,0.06363871471794869,0.24397759924667067,220.6176166860977,255.94394766832409,-0.13802370129887
2021,3,CANADA,CNP,1.0788099453599247,0.143024157450905,0.038847570594849924,236.40742883568845,217.80329356571198,0.08541714390725473
2021,52,CANADA,CNP,1.24927787550492,-0.030132196891475574,-0.08405352243256449,258.9313192838853,243.71486036687514,0.06243549898477301
2019,12,CANADA,CNP,1.0520855484635396,0.03858650395063672,0.10289129666290424,255.94394766832409,264.24175388097404,-0.03140232794695895
2022,1,CANADA,CNP,1.416473487819697,0.1111224748228418,-0.027096678590347714,262.31080055847906,231.33664304999073,0.1338921370178047
2022,50,CANADA,CNP,1.4558774477743672,0.07559973096768675,0.07677866816842338,261.78174798069716,272.5324152141069,-0.03944729739749964
2022,30,CANADA,CNP,1.435688559692587,0.11440920825151883,0.05927840846404147,260.72708231258224,252.03696543485168,0.03447953304284979
2022,39,CANADA,CNP,1.5087774527974969,-0.010035961282371296,0.004328056966800744,269.2311395268208,277.8191401686735,-0.03091219934176834
2022,45,CANADA,CNP,1.5313952286581813,0.1004661294265917,0.04452126519224041,249.87630683973882,243.9026269768422,0.024492068564164277
2021,24,CANADA,CNP,1.4354252095848874,0.17553034587155023,0.09475799346500886,278.85553543823175,260.7503293997502,0.06943502652579532
2022,25,CANADA,CNP,1.4090715141581835,0.13609829898878506,0.041428725451991714,278.165525534013,255.62198760942297,0.08819091868980916
2022,44,CANADA,CNP,1.9051027548313908,0.0975158886194562,0.03378754544190389,257.21109826646574,247.96952751310295,0.03726897754755153
2020,43,CANADA,CNP,1.3620845748091077,0.04234588893583983,0.11670309969987669,228.9699437594411,240.31885038495528,-0.04722437131891617
2021,51,CANADA,CNP,1.2455361912113643,0.08062227510177351,-0.055839905086950636,256.62881606926965,221.62006358480423,0.15796743272329725
2021,25,CANADA,CNP,1.2233258854859186,0.14958283074330128,0.11791148345213615,255.62198760942294,250.09193820005513,0.02211206586333138
2019,9,CANADA,CNP,1.1279502391977332,0.09551482933615672,0.12445117681805097,245.43299697135907,244.79194582659713,0.002618759136855123
2019,40,CANADA,CNP,1.0657322846230104,0.08185518631501904,0.14600168155480361,240.37748282304497,257.2585377107566,-0.06561902682775693
2022,8,CANADA,CNP,1.3607933034802622,0.11174003394791694,0.09893275013838458,250.92847431302755,264.2618536411866,-0.05045517975614831
2019,46,CANADA,CNP,1.200971527337488,0.055430536939917646,0.17250770760664558,249.18676145191287,279.7607594795852,-0.10928622757725745
2022,19,CANADA,CNP,1.5120770135865584,0.08142209431819089,0.04150316246778968,269.0412944176688,263.5799109059858,0.020720029432102504
2020,52,CANADA,CNP,1.291264965865445,0.0936908462809449,0.1400404937337356,243.71486036687503,254.14645409720936,-0.04104560013394604
2022,7,CANADA,CNP,1.3978039536242843,0.10150218855797372,0.02221127286409206,260.12748753793625,258.5279888647914,0.006186945870612846
2020,44,CANADA,CNP,1.5429290777326412,0.18118078205824853,0.1292036478420363,231.83720974522635,217.83830598889395,0.06426281958438523
2022,29,CANADA,CNP,1.5176035414133353,0.1369418348460029,0.06332076407375005,267.3024477984886,253.28716682004298,0.05533356132647356
2022,27,CANADA,CNP,1.4004639830347245,0.1312590982020894,0.06805668451744712,249.66520854607688,240.1309278204953,0.03970450958615686
2021,36,CANADA,CNP,1.3306521755363825,0.16868642819827034,0.17629981291403135,255.7471518808487,249.4131422704081,0.025395652982766293
2020,5,CANADA,CNP,1.1307730041909498,0.10840898596141837,0.18681059824152102,225.1165206761195,242.8203486095711,-0.07290916117543941
2022,28,CANADA,CNP,1.4400964109861183,0.08860450456659325,0.05804282519425378,274.79848644705055,269.4918252785919,0.01969136230003571
2022,10,CANADA,CNP,1.4247946616103395,0.08707986958683689,0.051263671374316706,262.10332309293824,269.7772237308591,-0.02844532437466492
2019,49,CANADA,CNP,1.0760830949422446,0.071420236789202,0.08820132747551378,250.54877979058367,259.2661436803363,-0.03362322502278111
2019,44,CANADA,CNP,1.291453238424993,0.17657598648523368,0.31392496591606905,217.83830598889398,247.73760228404214,-0.12068937464272095
2021,15,CANADA,CNP,1.45247144514111,0.1298444253813301,0.035480359626753215,263.12080817869867,237.26468472371886,0.10897586164197923
2018,49,CANADA,CNP,1.018240840883578,0.11874142999146703,0.06635684822614615,259.2661436803364,236.9318437764387,0.09426466087425396
2021,9,CANADA,CNP,1.3232182507459682,0.23220343519041972,0.05502278789222237,282.903059017331,247.1604308273503,0.14461306799933554
2019,7,CANADA,CNP,0.9702913895975483,0.08062989602366163,0.09733368295144738,240.37097319391432,240.06491078339462,0.0012749152282228128
2019,3,CANADA,CNP,0.8500917142993417,0.06501820041297304,0.10069535084184218,229.19704855069034,231.86896114021891,-0.011523373272513087
2020,17,CANADA,CNP,1.259188792465856,0.03315839656563852,0.11511173230067795,255.9371428085246,269.33882386931367,-0.049757702466584286
2022,5,CANADA,CNP,1.5615052378398033,0.17313189831526307,0.11120009225242453,252.7318385225022,250.32935452145782,0.009597292357650505
2020,40,CANADA,CNP,1.211215416010949,0.14879949830275416,0.11391569350028617,247.14845399526078,240.37748282304494,0.028168075864245242
2021,39,CANADA,CNP,1.5040563925881862,0.1253836355039602,0.11887747828015062,277.8191401686736,277.4290988102746,0.0014059136553146523
2021,6,CANADA,CNP,1.1765026174990756,0.1721687125911495,0.04482263444617377,274.38749820986743,241.67655327199398,0.13535009704089515
2022,3,CANADA,CNP,1.305626510694361,0.18851937593068804,0.06606576734365394,250.74516870371485,236.40742883568842,0.060648431983039215
2021,21,CANADA,CNP,1.2827063548535977,0.12681731813834587,0.08258628329298079,256.9492254420557,249.48267217114147,0.029928143730127622
2021,11,CANADA,CNP,1.4996384323222267,0.24558999045505106,0.04881150703927025,271.7030472083066,228.75661004846924,0.187738562617875
2022,33,CANADA,CNP,1.6407510544505919,0.15202166871113945,0.07200589573590933,273.7517459878972,258.1305994808671,0.060516446087547145
2019,33,CANADA,CNP,1.1445346417117246,0.08087828636537604,0.10297806654900164,248.0637063497976,250.62522169128772,-0.010220501050150953
2019,26,CANADA,CNP,1.2345681052955693,0.03125192724145041,0.08081926979028103,269.9883615127112,278.1881019168024,-0.029475525184551137
2022,32,CANADA,CNP,1.3649576318509813,0.11832379883988607,0.04781332203855339,257.84365933922066,244.37304519478513,0.05512315866792247
2019,36,CANADA,CNP,1.0520726760191432,0.12737448037856977,0.15223673208095856,252.69867834390752,255.62275156269266,-0.011439017853103724
2019,22,CANADA,CNP,1.0458527160693822,0.07393622792978756,0.12522510357833422,241.6721093118587,246.40574047419483,-0.019210717872183154
2021,22,CANADA,CNP,1.3247651846644246,0.10809264092352075,0.07448689739254416,260.5759636237934,250.3654433167438,0.040782466508894465
2022,23,CANADA,CNP,1.4951314647021394,0.12151038581287536,0.09676093517837811,265.60547201229764,262.3615519894416,0.012364311760842942
2022,47,CANADA,CNP,1.3666517371635742,0.19855938029936485,0.17674931339140942,251.14346108804037,254.1411671193749,-0.011795436628047166
2021,35,CANADA,CNP,1.5007948684842112,0.051508850615839874,0.06864380705307489,267.4766983892467,267.8689049578111,-0.0014641735614149623
2021,10,CANADA,CNP,1.2771834536095474,0.36701725505698907,0.061685364342479024,269.777223730859,209.26222253871367,0.2891826363019251
2020,38,CANADA,CNP,1.1075695451127876,0.04782654943084283,-0.019738148652127543,253.65431541353385,238.97775915612027,0.06141390022753383
2019,51,CANADA,CNP,0.9728542529398114,0.04917029458532435,0.06360193985726338,228.68006180913522,233.9838747246174,-0.022667429205215098
2021,38,CANADA,CNP,1.300483759381466,0.15129380195049805,0.1376657228293948,256.60761425101276,253.65431541353377,0.01164300647778935
2022,42,CANADA,CNP,1.58810790376655,0.09886745363447255,0.04121624323782267,256.53496119672644,248.1808792757771,0.03366126329041785
2021,27,CANADA,CNP,1.2329738299511819,0.1775607913007894,0.17254275003181171,240.13092782049526,238.91431699874565,0.005092247451022365
2019,31,CANADA,CNP,1.0758271621824906,0.09512027571132518,0.13389329209740772,236.92661357745916,242.60034066214152,-0.02338713568660605
2019,52,CANADA,CNP,1.1738289748085018,0.022141784407727176,0.053032203860011645,254.14645409720939,260.71331202606706,-0.02518804228991995
2019,2,CANADA,CNP,0.9846391071864273,0.0801263877958249,0.10075303391863764,241.56995761920672,241.7540213482026,-0.0007613678067045279
2022,35,CANADA,CNP,1.629885913992561,0.07143625420236152,0.01941154374853959,274.9187206768168,267.4766983892466,0.027823067700425058
2021,2,CANADA,CNP,1.1392136745278887,0.09114755823874042,0.05898671296003987,239.6674756857835,233.87874941493124,0.02475097154116518
2020,2,CANADA,CNP,1.031794100876455,0.034838435854261884,0.07106216397695972,233.8787494149313,241.5699576192067,-0.0318384300766375
2022,16,CANADA,CNP,1.5102245680308555,0.05864651091563254,-0.05109644488409993,268.22352145670857,253.40282128110294,0.05848672126331551
2019,13,CANADA,CNP,1.335179802519805,0.10021512648855288,0.12442893685099676,270.58307536452,269.18480091654044,0.005194477709063214
2018,50,CANADA,CNP,1.0956157677600724,0.1380561962204411,0.15412396701697528,258.98269057443116,258.2825617905389,0.0027107086867909705
2021,50,CANADA,CNP,1.3347450408202495,-0.001809421051275017,-0.11183713050648829,272.53241521410695,241.63679856003344,0.1278597334436942
2019,5,CANADA,CNP,1.0141895792441213,0.1043579943001489,0.1243587930340065,242.8203486095711,241.69225513882853,0.004667478774173401
2022,2,CANADA,CNP,1.2419848687942763,0.08370341466024712,0.003651759704444711,248.6067760608683,239.66747568578342,0.03729876300280633
2022,49,CANADA,CNP,1.3041190539093428,0.07707497304982078,0.09298052817456076,237.21398290298774,251.05143921839885,-0.05511801230254413
2019,39,CANADA,CNP,1.2822079203051935,0.002337654078858816,0.06523574820785848,263.12904257106004,277.0910159936727,-0.050387679920057396
2019,43,CANADA,CNP,1.2941938071352717,0.010827726046182115,0.044590040292539775,240.31885038495528,250.8511927415455,-0.041986415298578224
2021,4,CANADA,CNP,1.2378533335170137,0.09676366497094227,-0.012789310806750387,270.9101147672635,243.97688942699153,0.11039252694600635
2020,13,CANADA,CNP,1.3454581866161115,0.008398367645531632,0.19904473944625914,237.01757290953915,270.58307536452,-0.12404878764040436
2021,7,CANADA,CNP,1.2656226544751374,0.3591059155658576,0.24892070451530085,258.5279888647915,241.787138273105,0.06923796985750855
2021,26,CANADA,CNP,1.404052562661431,0.13449451345576124,0.06408845433170818,277.1017157917742,263.3918606370787,0.05205117243006223
2021,41,CANADA,CNP,1.2837454832469346,0.1306689679659501,0.14731548387246896,243.24306853276516,249.62225228593744,-0.025555348911222225
2021,34,CANADA,CNP,1.2431722275344292,0.069915947509215,0.09411981118611278,246.00667919098004,248.82575717889097,-0.011329526411866518
2022,41,CANADA,CNP,1.3719284218158536,0.05299485061280279,0.0002289443468668735,251.3877852677644,243.2430685327651,0.03348385951603053
2021,48,CANADA,CNP,1.031465034933023,-0.006147484162660581,-0.07216243400306878,231.16139006689704,209.315584554261,0.10436779258055172
2021,33,CANADA,CNP,1.3919344774303117,0.11503463378580442,0.09445818960366965,258.13059948086715,252.667764539118,0.02162062482214028
2022,12,CANADA,CNP,1.4617394341313406,0.04398612181567515,-0.024233131073668278,266.3953865668124,264.44395513442066,0.007379376213760745
2019,34,CANADA,CNP,1.1040607076201832,-0.027497185022885166,0.07470328723511699,257.680794067004,279.679279170082,-0.07865611341804127
2020,11,CANADA,CNP,1.1435998898490034,0.19216054561631107,0.2807228747345029,228.7566100484692,243.43019668481293,-0.06027841589161057
2018,52,CANADA,CNP,1.1337745147966294,0.3023865459701399,0.19582035668775982,260.71331202606706,237.48196437715984,0.09782362930101114
2021,49,CANADA,CNP,1.187719421289618,-0.02462257727138227,-0.09904086678089088,251.05143921839877,230.7468894705404,0.0879949012289965
2022,40,CANADA,CNP,1.6732673812674521,0.13047402148106507,0.0003236199536353906,278.9026593624036,252.46333121446912,0.10472541901728337
2019,6,CANADA,CNP,1.0539429882447597,0.06963901686231096,0.10621865824548334,247.63394981278313,250.36784323938053,-0.010919507039022927
2021,17,CANADA,CNP,1.3432973752158428,0.04517876196388853,0.11582309281595043,246.374499468852,255.9371428085246,-0.037363249564861895
2020,46,CANADA,CNP,1.3503484840364988,0.11611387638461976,0.14584661818128006,242.83812755624348,249.186761451913,-0.025477412438279314
2019,11,CANADA,CNP,0.9886462713150678,-0.025629965337834505,0.01739314146842494,243.43019668481287,248.77579973709808,-0.021487632872386916
2020,49,CANADA,CNP,1.2464124088044006,0.183952307402347,0.2947577243406056,230.7468894705404,250.54877979058375,-0.07903407207408623
2021,32,CANADA,CNP,1.1885211919225507,0.12965772843701145,0.1212891373291899,244.37304519478522,237.19144395711686,0.030277657228507622
2022,52,CANADA,CNP,1.3414538168917511,0.054236825711484284,0.07658594487293899,243.03265908482874,258.9313192838853,-0.061401070534946284
2019,42,CANADA,CNP,1.0424278849646056,-0.007768016578429823,0.007219043523282452,231.05164774176362,238.56288189073615,-0.03148534293953048
2022,51,CANADA,CNP,1.46202246902066,0.15306312414142886,0.13522650512347878,250.49646081391745,256.62881606926965,-0.023895817115475216
2019,32,CANADA,CNP,1.1311402193254894,-0.011804717037842081,0.04728336047495745,259.58385989749974,269.4671174668475,-0.036677044910920255
2021,8,CANADA,CNP,1.2094564401376884,0.3065946921934592,0.15328833475882703,264.2618536411865,238.2809525558729,0.10903473738305434
2020,8,CANADA,CNP,0.8806215999801013,-0.18337573999637816,-0.0764940946099192,238.2809525558729,267.41479712251254,-0.10894626954129381
2021,13,CANADA,CNP,1.7262769777046298,0.2512500373379457,0.00633562840164253,290.38146929790673,237.01757290953907,0.22514742570895666
2020,20,CANADA,CNP,1.1687362663920096,0.06893233934872019,0.08644248662015047,252.3206892944578,256.8763786005794,-0.01773494834729559
2020,45,CANADA,CNP,1.2699144606046846,0.09256619011670393,0.142053411509022,231.6504325028537,239.30340821313288,-0.03198022028780778
2019,17,CANADA,CNP,1.2350042992056969,0.029222755457260257,0.06832643735072515,269.3388238693136,269.7618775906279,-0.00156824872770295
2022,6,CANADA,CNP,1.3912209449668504,0.15656612274172757,0.16714780582427227,257.82873513614226,274.38749820986743,-0.06034809596558249
2019,10,CANADA,CNP,1.022304578553072,0.04619424394243768,0.1280706422961501,252.05571872824916,263.86130277193934,-0.04474162720970865
2019,16,CANADA,CNP,0.9589103135743295,0.07192862243336395,0.14205852406526465,239.10862220047224,246.00970252298973,-0.02805206563701518
2022,26,CANADA,CNP,1.5858663756675735,0.12106737429547204,0.0897857309820014,282.76968515256897,277.10171579177427,0.0204544722669774
2022,31,CANADA,CNP,1.7240268268641372,0.1456909381856624,0.08570219231707428,282.81092180238744,270.1314998666116,0.04693796148185913
2020,24,CANADA,CNP,1.2103558310373848,0.06502350905151083,0.06594005415114111,260.75032939975017,260.41556023184154,0.0012855190665665129
2020,21,CANADA,CNP,1.1140383054092067,-0.0648273127055627,0.06352784798771811,249.4826721711416,282.90101137887706,-0.11812732321051952
2019,4,CANADA,CNP,1.1585435521080103,0.033039977646026716,0.06250683308540766,247.87636607705005,248.83644357427877,-0.0038582672354507295
2020,22,CANADA,CNP,1.175281952707462,0.1105358377283652,0.0813238625377276,250.36544331674384,241.67210931185872,0.03597160644494172
2022,9,CANADA,CNP,1.6315791410105298,0.20633573748582298,0.1759332950979376,276.75137962512173,282.903059017331,-0.02174483165214692
2020,47,CANADA,CNP,0.9208634224178286,0.3368593277414348,0.22937514973073275,224.7836776706605,200.831627481522,0.11926433345934156
2020,50,CANADA,CNP,1.3523508988722148,0.19692313268925188,0.24629402984368154,241.63679856003336,249.8957065620216,-0.03304941935822517
2019,8,CANADA,CNP,1.0931610235358808,0.15492143607152267,0.17883463888461684,267.4147971225127,263.3855850304822,0.01529776996552101
2019,30,CANADA,CNP,1.1927968732580565,0.005399566405125131,0.021005137961311725,283.2592806893515,279.8444001155302,0.012202783305334995
2021,12,CANADA,CNP,1.3807850319590784,0.19162302279267246,0.003707376112955897,264.4439551344206,220.61761668609773,0.19865294125935773
2019,23,CANADA,CNP,1.1022310958513668,0.0358595585733297,0.10237413587782829,265.4496293714951,275.8200999558542,-0.037598676042894914
2020,30,CANADA,CNP,1.209078290661488,0.013459362576938659,0.08488788372117397,264.8450811997061,283.25928068935156,-0.06500828302900401
2022,18,CANADA,CNP,1.725373920812591,0.08907562180248162,0.007378502040423749,281.56421337632185,262.1953993394031,0.07387167770951804
2019,29,CANADA,CNP,1.0413545296419258,0.051435588065072445,0.09626872674557815,252.3726477478313,259.28960729411216,-0.026676578434688066
2024,15,CANADA,CNP,1.5654004272693045,0.0017341099719098004,0.03546207241178278,243.85221856896447,256.5359069258077,-0.04944215610531062
2020,31,CANADA,CNP,1.321339354204708,0.22606915551052578,0.12014186892543166,260.3501386241776,236.9266135774592,0.09886405200765032
2019,28,CANADA,CNP,1.1675146905342848,0.04827062451499271,0.10111043054983773,268.41489931975786,276.4907615115855,-0.029208434117930716
2021,44,CANADA,CNP,1.7237792358716861,0.10434811114746953,0.026104657061160264,247.9695275131029,231.83720974522635,0.06958467877354496
2021,18,CANADA,CNP,1.5659136207482465,0.2652324050178968,0.225418033925586,262.1953993394031,244.71702933499677,0.071422777776858
2020,29,CANADA,CNP,1.1385327348762901,0.1006853401687066,0.11991198229756322,249.8256388141175,252.3726477478313,-0.010092254277328669
2020,42,CANADA,CNP,1.2610859940074077,0.21558737928954377,0.18439945267653163,238.02431563925396,231.0516477417636,0.030177962224633932
2020,37,CANADA,CNP,1.1331407980854886,0.10430326623977693,0.048499185118728465,250.2123058940278,238.17034685149068,0.05056027839622616
2020,41,CANADA,CNP,1.1226725505455353,0.029901264268209115,0.01073857975550114,249.62225228593746,243.051970726236,0.02703241426131851
2021,42,CANADA,CNP,1.428362509581405,0.12977537996990735,0.061929571276128303,248.18087927577702,238.024315639254,0.04267027765312908
2019,1,CANADA,CNP,0.8937615983951591,0.09372444535009956,0.13268299290993474,237.04200286306303,239.9439491035096,-0.012094267229029768
2020,34,CANADA,CNP,1.1526016637885799,0.05452518455028366,0.07038898322447495,248.825757178891,257.68079406700394,-0.03436436510596285
2019,18,CANADA,CNP,1.1297929577642756,0.10359623050147693,0.16051030347497186,260.0985010596799,265.2036167946302,-0.01924979680387849
2022,14,CANADA,CNP,1.6782551880396768,0.07304742283990255,-0.0035050074672425,267.8270160042812,261.80778414296657,0.02299103474336599
2018,51,CANADA,CNP,0.9185321064798518,-0.0929000152992207,0.007368062934862545,233.98387472461746,251.21858283514385,-0.0686044317105166
2020,1,CANADA,CNP,0.9999999999999959,0.10742162338636381,0.1480996272701035,226.1761285813699,237.04200286306303,-0.045839446808801386
2021,19,CANADA,CNP,1.3697884891707974,0.1369287326519383,0.1467471491961803,263.5799109059859,257.0304426413276,0.025481293956287208
2020,4,CANADA,CNP,1.1157099732466198,-0.05039482510856401,-0.02919571281250502,243.9768894269915,247.87636607705005,-0.015731538717355692
2021,40,CANADA,CNP,1.451043876751444,0.17220383052043506,0.14115031181983415,252.46333121446912,247.14845399526075,0.021504796543498857
2022,38,CANADA,CNP,1.5181945907968653,0.14831993208968403,0.09871481878618915,262.5820121462634,256.6076142510128,0.023282231560776936
2021,43,CANADA,CNP,1.4309301818803715,0.05206541284814026,0.02147006935896833,231.68147469969952,228.96994375944112,0.011842300765497717
2019,37,CANADA,CNP,1.0339345166849236,-0.06132951056106191,0.018995722206758756,238.17034685149076,259.2168182084174,-0.08119253797801308
2020,32,CANADA,CNP,1.058827430433223,-0.06136269260390339,0.02303070697972518,237.19144395711677,259.5838598974997,-0.0862627435666642
2022,43,CANADA,CNP,1.5606910025968088,0.08129859697400585,0.032094909759769454,236.95293959306588,231.6814746996994,0.022753070353161518
2020,16,CANADA,CNP,1.03845913298595,0.1137476615817707,0.16749550929858198,227.45001064089664,239.10862220047224,-0.04875864137513557
2019,48,CANADA,CNP,0.9737194587406427,0.03685117178294709,0.0869966420818824,235.87069340901084,246.4201736272434,-0.042810943856368765
2019,35,CANADA,CNP,1.259564112833023,0.1036340630576954,0.0639660951276111,260.83557257692723,248.37683836349916,0.05016061197781547
2019,24,CANADA,CNP,1.1371997894071288,0.04933607919907857,0.10364725710069043,260.4155602318416,268.8344138479873,-0.03131613060858412
2020,28,CANADA,CNP,1.2188422768433567,0.046397837132225034,0.07432649705317686,261.75473626373434,268.4148993197578,-0.02481294098391063
2019,20,CANADA,CNP,1.1153555398724464,0.09250498959869734,0.1604312722550365,256.8763786005793,266.44823784589977,-0.035923897724766896
2021,46,CANADA,CNP,1.4577451908729329,0.07308608273007168,0.012826778023293742,257.7485737841242,242.83812755624348,0.061400762631178274
2021,23,CANADA,CNP,1.3245257524972285,0.13664171323119007,0.10926087894862388,262.3615519894416,257.25594568678594,0.019846407394104773
2021,14,CANADA,CNP,1.5322497111089155,0.28018268377611555,0.07811649828152228,261.8077841429666,220.16804698296073,0.18912706784935274
2020,10,CANADA,CNP,0.878789606072463,-0.12317826529039502,0.050939628171604266,209.26222253871373,252.0557187282491,-0.16977792214138446
2022,13,CANADA,CNP,1.7660950368646495,0.011209435180821707,-0.059127996933568315,297.27042525434956,290.3814692979068,0.02372381396477916
2022,48,CANADA,CNP,1.1104635943483134,0.05621785550044784,-0.009067039901240833,234.85699518817125,231.16139006689698,0.015987121033511603
2021,37,CANADA,CNP,1.327250280168522,0.15278531246930468,0.1322744460963003,258.76926901368665,250.2123058940278,0.034198810042872084
2021,28,CANADA,CNP,1.3244011050621454,0.08483398406983236,0.0519910822602739,269.49182527859193,261.75473626373446,0.02955854448059296
2019,47,CANADA,CNP,0.6680647259805007,0.011761288548050282,0.10797276897032368,200.83162748152196,217.28596342617516,-0.07572664007007385
2020,33,CANADA,CNP,1.2504228929642287,0.11411848255757749,0.09165774841169809,252.667764539118,248.06370634979746,0.018559983066722
2020,18,CANADA,CNP,1.2081825260536725,0.0920055034424544,0.16383808613862902,244.7170293349967,260.0985010596798,-0.05913710252852934
2021,16,CANADA,CNP,1.3903171361013886,0.31072072273866125,0.21090265492715973,253.40282128110294,227.45001064089655,0.11410336085312964
2020,35,CANADA,CNP,1.40440678712273,0.11552203778105884,0.09093563846019975,267.86890495781114,260.8355725769273,0.02696462108828938
2022,37,CANADA,CNP,1.464852916570478,0.08154797639538658,0.06113465425078516,259.59377476873715,258.76926901368665,0.0031862583922470564
2022,11,CANADA,CNP,1.385489547504128,-0.08753047952568548,-0.11819211269913302,262.4218618171211,271.70304720830654,-0.03415929812546352
2020,39,CANADA,CNP,1.3085493254497131,0.02172836225577858,-0.010687062665528052,277.4290988102746,263.1290425710601,0.054346172127132795
2021,5,CANADA,CNP,1.3112322506057636,0.14474050444514694,0.017063670420226718,250.32935452145787,225.1165206761196,0.11199903840737027
2020,14,CANADA,CNP,1.1698916995976982,0.1159032799825075,0.30153334847501323,220.16804698296067,254.2699625872948,-0.1341169647304542
2020,23,CANADA,CNP,1.148262692306055,0.04741175036477061,0.08618321936166803,257.2559456867859,265.449629371495,-0.030867188265093118
2020,51,CANADA,CNP,1.1583284289406888,0.18740233127338538,0.2169422591605999,221.62006358480423,228.6800618091353,-0.030872819293811513
2020,19,CANADA,CNP,1.1711816899985918,0.010393152469115917,0.0697595331965055,257.0304426413276,268.87376877322754,-0.04404790465777555
2022,46,CANADA,CNP,1.6217956735707086,0.10667338497530379,0.0671468772947931,257.5942759730761,257.7485737841242,-0.0005986369149701404
2019,50,CANADA,CNP,1.12853213200072,0.028792678349378063,0.05070871536339404,249.8957065620216,258.9826905744311,-0.03508722529777694
2020,27,CANADA,CNP,1.0535372603190127,0.09928956168168045,0.15389626230170994,238.91431699874565,248.66378286411845,-0.03920742197789359
2019,21,CANADA,CNP,1.1955671567833956,0.03159072866898024,0.09260400697146175,282.9010113788771,290.96094313411766,-0.027701077912458297
2019,38,CANADA,CNP,1.0675376852872476,0.08321829136533974,0.16239655512020368,238.97775915612027,257.41795558953527,-0.07163523768644459
2022,20,CANADA,CNP,1.6377860052831408,0.14450395849341646,0.08374578608448068,285.39402625928216,273.79397435701173,0.04236781298606892
2020,15,CANADA,CNP,1.2580498220684264,0.11273260002469804,0.23083729461467703,237.2646847237189,260.98351470218665,-0.09088248353745172
2021,31,CANADA,CNP,1.4833601726237755,0.12570129545233516,0.10235759888173748,270.13149986661165,260.3501386241776,0.03757002509821482
2022,22,CANADA,CNP,1.5370331813913258,0.14214239114667881,0.05863506031269347,279.4384236660131,260.5759636237933,0.07238756706452193
2020,9,CANADA,CNP,1.0311262718720133,-0.0637349247311154,-0.03833272856103115,247.1604308273503,245.43299697135896,0.0070383113815495665
2021,30,CANADA,CNP,1.2721717064332534,0.058787605798612766,0.10641266351181355,252.03696543485157,264.84508119970616,-0.0483607839980862
2022,24,CANADA,CNP,1.6504749283173223,0.14551477369816335,0.0955475613847298,287.60946675739837,278.85553543823175,0.03139235269405531
2022,21,CANADA,CNP,1.4407151851146613,0.11442417901724661,0.052024673800262704,269.4677839641085,256.94922544205565,0.04871996987154137
2021,47,CANADA,CNP,1.1164420345248187,0.1939295287910102,0.0747135481846169,254.14116711937498,224.78367767066055,0.13060329714743457
2019,27,CANADA,CNP,0.9482242952287305,0.02763385221136216,0.08937226989848039,248.6637828641185,258.69364788761135,-0.03877120719968466
2022,36,CANADA,CNP,1.5310068873526972,0.13552036617848548,0.05031847751494567,269.32676802559007,255.7471518808486,0.05309781964284843
2021,1,CANADA,CNP,1.2712153044322105,0.26760125535298324,0.25852692726840765,231.33664304999076,226.17612858136997,0.022816353348113053
2022,4,CANADA,CNP,1.2257562171263372,-0.02350520718841056,0.00403264576409032,247.64790914409045,270.9101147672636,-0.08586687744441554
2023,10,CANADA,CNP,1.3920433815328175,-0.011510725551743935,0.004449371103643783,245.76957131078885,262.10336158132617,-0.06231812584162232
2023,9,CANADA,CNP,1.685947748523106,0.03201894560564183,0.029472691667777922,265.134810466559,276.75137962512144,-0.04197474706105495
2023,8,CANADA,CNP,1.401555608233786,0.016914760794972564,0.01116905194888757,240.04079713294092,250.92847431302738,-0.043389564336585945
2023,21,CANADA,CNP,1.4510314706185143,0.027494711450901023,0.07048426917767354,247.82104932656748,269.4678171787803,-0.08033155157022381
2023,15,CANADA,CNP,1.5533847967106638,0.02038207777124823,0.08029376620714952,252.4159991134232,273.25470843946744,-0.07626111712787016
2023,43,CANADA,CNP,1.5666500617374315,0.00944165041124194,0.058486644495982155,226.15650436805475,236.95612347322034,-0.04557645080814344
2024,14,CANADA,CNP,1.5345007479771153,5.1062646685623095E-05,0.05993584135484272,232.918009770313,252.44029757920867,-0.07733427664325314
2024,16,CANADA,CNP,1.3508087438335818,0.0052402230065536305,0.09861836711932395,217.3597747788516,241.82604998363476,-0.10117303411455829
2024,5,CANADA,CNP,1.4288525797449687,-0.017630565079682893,0.05746399641110364,225.1354877088922,246.99015508117813,-0.08848396149677688
2024,7,CANADA,CNP,1.4208893140811318,0.01981265434196738,0.048691526148457856,227.9408367398072,240.04079713294092,-0.05040793289164279
2024,8,CANADA,CNP,1.478902639715736,-0.1178919512201882,-0.060424896751414964,244.280233641186,265.134852197695,-0.07865664730097044
2024,6,CANADA,CNP,1.4873264726520523,-0.008499245269865568,0.05170406928359912,233.10249791462817,252.37642566620775,-0.07636976274904222
2023,2,CANADA,CNP,1.3353110553980576,0.06221126619887373,0.053714707253954365,240.42125339352498,248.60677606086853,-0.032925581502812364
2023,3,CANADA,CNP,1.4061917057968436,0.06633863015308192,0.043137890607645994,248.59673376751599,250.74520386200135,-0.00856833973848521
2023,5,CANADA,CNP,1.6727940733892994,0.06604466572137122,0.03766296549950262,251.32310985242796,252.7319770322236,-0.00557455054298888
2023,4,CANADA,CNP,1.3088886179870687,0.05852837350694816,0.049248197583204055,241.283491359329,247.6479500174657,-0.02569962181268949
2023,23,CANADA,CNP,1.4484345180110982,-0.02834491053255746,0.022029116761949376,242.82548859004038,265.6040166997864,-0.08576123355654193
2023,24,CANADA,CNP,1.548246100584648,-0.05985227341160913,0.01884243287305633,257.2557946327756,287.6095049017721,-0.10553792469189528
2023,25,CANADA,CNP,1.4880911772637515,0.06242327518393987,0.1871388752393378,249.23554701789067,278.15574250122273,-0.10397123289016741
2023,26,CANADA,CNP,1.4560995504297456,-0.08221249609144221,0.009607547709350904,258.9107937072577,282.7012225630357,-0.08415396523611875
2023,42,CANADA,CNP,1.4994169615551598,-0.05296766575493814,0.013049099388836577,239.1446973446974,256.5378041581128,-0.06779939069991986
2023,40,CANADA,CNP,1.7412722100061282,0.030486524685406836,0.09689490628944092,263.8583947083273,278.9026967183722,-0.05394104175778632
2023,37,CANADA,CNP,1.3800796393987869,-0.04697815148543078,0.04491963801105462,236.34369342734556,259.5938527216731,-0.08956359732930773
2023,38,CANADA,CNP,1.5022465552499566,-0.0010442500254769604,0.06565967193344423,244.43856757516295,262.5821950824158,-0.06909694505965333
2023,36,CANADA,CNP,1.5253326020688185,0.00617380642846875,0.1317208330006641,238.70197422084672,269.3268097288094,-0.11370882660660273
2023,39,CANADA,CNP,1.5020421469982022,-0.002099146928228152,0.11243173458361995,241.70723072974965,269.1694528188535,-0.10202577521894891
2024,10,CANADA,CNP,1.479790669876622,-0.04113676379691699,0.04856163704682163,232.77943357696074,258.23508243117976,-0.09857548639233792
2024,9,CANADA,CNP,1.6018559859796149,0.17099595239642607,0.16502751668932614,243.01548112925434,245.7695713107887,-0.011205985211455133
2024,12,CANADA,CNP,1.5671045468925535,-0.10374480517883719,0.00635222399703948,244.27126538799482,280.8533178861739,-0.13025323244714274
2024,11,CANADA,CNP,1.5685024368827765,0.036870488341235165,0.13805372030434637,234.73552659433142,263.12157434865463,-0.10788187104988092
2023,48,CANADA,CNP,1.0637230262183626,0.007846859313832683,0.07303298046902622,216.58305446352026,234.47423088303168,-0.07630338034219421
2023,47,CANADA,CNP,1.5114115126663856,0.10402713017639996,0.12628384209217627,245.74167923427575,251.14409946646464,-0.021511236949886114
2023,45,CANADA,CNP,1.5032207750930238,-0.0038721822419662644,0.043536172534263104,235.89629302346484,249.87632618005887,-0.05594780974376954
2023,46,CANADA,CNP,1.6136014605860398,0.0022191318522815436,0.08235762937367332,235.81296089099123,257.5944288967775,-0.08455721693621909
2024,4,CANADA,CNP,1.6276554191912804,-0.0206477167381096,0.04410696846058769,230.94869340785067,251.25013206846575,-0.08080170343983313
2024,2,CANADA,CNP,1.357577915382988,-0.02378886990148559,0.057034266510274184,222.45280061270464,248.59671196987944,-0.10516595794856072
2024,3,CANADA,CNP,1.2508392418879943,-0.04151377447569643,0.08788523414789211,207.8388312334109,241.28308956660857,-0.13861003849573572
2024,1,CANADA,CNP,1.2926956421912317,-0.0286234863644304,0.04672840098798188,219.90001654555036,240.42119726395308,-0.08535512239327621
2023,12,CANADA,CNP,1.5325184403082024,0.04550988971707422,0.015419297959809493,263.12477269590676,266.3953865668123,-0.012277291709349011
2023,22,CANADA,CNP,1.6433165110344536,0.07399735281795088,0.08847014447303937,268.5096105301263,279.4384147217929,-0.03910988473988907
2023,7,CANADA,CNP,1.5125553402923773,0.07521214065695421,0.06155677065322925,252.3765969095638,260.12748753793636,-0.029796507480748986
2023,20,CANADA,CNP,1.6176017674075547,-0.009137404976976122,0.023305712203640187,267.50260786290045,285.3940579276693,-0.06269033838575318
2023,17,CANADA,CNP,1.3717536387302043,0.01876786526077886,0.01699891031367983,241.72117286256605,248.07852745734613,-0.025626379920660972
2023,18,CANADA,CNP,1.767254530329917,0.02918134842527211,0.0494723531492743,267.739805178873,281.56424673609195,-0.049098710924673994
2023,19,CANADA,CNP,1.5289229143498733,0.010906995080871758,0.03941227464897841,254.1721918115041,269.0412944176688,-0.055266990289904686
2023,13,CANADA,CNP,1.7826224558050052,0.008123820224499437,0.02715516644984808,281.2337589101924,297.2704593871106,-0.053946498787607065
2023,11,CANADA,CNP,1.557273166403474,0.12789883151695144,0.0981912183458211,258.2351234304092,262.421861817121,-0.015954228651991992
2023,6,CANADA,CNP,1.45804158534781,0.04504551878471092,0.043396169437935575,246.99011387539244,257.8287351361422,-0.04203806552061238
2023,16,CANADA,CNP,1.5902173131733663,0.05314042811340751,0.07431475580970207,256.4213712144293,268.2235214567087,-0.04400117550534895
2023,14,CANADA,CNP,1.7731154788633072,0.060629700368581764,0.027083584386864486,270.4380722645789,267.8270160042812,0.00974903988123441
2023,50,CANADA,CNP,1.403927589735614,-0.025315973750313508,0.07227280603484912,235.1353911643287,261.78178805427456,-0.10178858158162374
2023,49,CANADA,CNP,1.282674537984285,-0.0021476800213718447,0.034019570422859274,223.64575079302992,237.21395237888822,-0.05719815993026665
2023,52,CANADA,CNP,1.3232805159863879,-0.010865284602766399,0.06756100177916852,222.0688528044801,243.03721167513848,-0.08627633079779673
2023,53,CANADA,CNP,1.594243508150922,-0.0046802957465073534,0.08162415468606123,239.4321934557626,265.0914653730023,-0.09679403250925223
2023,51,CANADA,CNP,1.4371292781048126,-0.00982991649953874,0.05647753042232284,230.28646443515754,250.49631423657328,-0.08067923020347993
2023,28,CANADA,CNP,1.39704413032148,-0.016955770412374435,0.09733751666871898,245.10051373628255,274.7984864470507,-0.1080718205356291
2023,29,CANADA,CNP,1.5459017676091107,0.03105599892170568,0.08278118514582478,254.8963492444029,267.30234869569944,-0.04641186099498023
2023,27,CANADA,CNP,1.6203601940024908,0.14441260909872078,0.13591408193084584,254.90969109980847,249.66519928624143,0.021006098681595677
2023,31,CANADA,CNP,1.7219017829438734,0.0017098266169435835,0.09189853184126956,259.81654898662157,282.8109904241832,-0.08130674625859727
2023,30,CANADA,CNP,1.4253366888723533,0.0007852593906947868,0.06278407074655858,245.20590772823374,260.72710963931917,-0.059530449029857
2023,32,CANADA,CNP,1.3901816053253249,0.028539377985602018,0.08505532348343163,242.82493778139678,257.8436593392206,-0.05824739532596032
2023,33,CANADA,CNP,1.6085841851313456,-0.016621098280357315,0.08262601466823273,248.54133194951936,273.7517459878969,-0.0920922493020087
2023,34,CANADA,CNP,1.4774349963760685,0.04343555450602914,0.11941665010672114,239.26739484154274,258.53842221771583,-0.07453834989348282
2023,35,CANADA,CNP,1.6618213782680302,0.02114692981936671,0.0842117292617476,259.68239230906414,274.9190044526099,-0.05542218579571576
